Webflow_ID,Webflow_Slug,Service_Name,Bookla_ServiceID,Duration_Minutes,Price_EUR,Category_Slug,Bookla_CategoryID,Resource_Slug,Bookla_ResourceID,Capacity_Spots,Visible,Option_Extra_Slug,Option_Extra_Price,Option_Extra_Duration,Bookla_UpdatedAt,Notes_Internal,Service_Type,Service_Type_ID
690a3227cfaa2c22bf0d702e,asap-rocky,"Asap rocky",88d6d81e-1177-468c-81ed-610adbf5c122,120,80,hommes,,,,1,TRUE,,0,0,,,Cornrows hommes,68d9066e330ca04c60550b93
690a3227346d882a857d2b5a,asap-rocky,"Asap rocky",e8e1cb42-3ebc-43fe-aad0-3dc6b26de296,120,80,,,,,1,FALSE,coupe-des-pointes,10,20,,,,
690a32271ef16c31443c1629,asap-rocky,"Asap rocky",30e9c93c-0f2d-4637-a334-5936f2abd54f,120,80,,,,,1,FALSE,shampoing-dmlant,20,20,,,,
690a3227f85fabf95b51617c,asap-rocky,"Asap rocky",c3fa8ac8-8a69-447e-953f-755a51512372,120,80,,,,,1,FALSE,shampoing-et-soin,35,40,,,,
690a32299d59ab540310dca2,barrel-twist,"Barrel twist",e09b1e6a-b172-4667-9c56-503bcfbfe32a,180,100,,,,,1,TRUE,,0,0,,,Twists,68d90676efa72bd3848188b3
690a32292b1127bf096acd45,barrel-twist,"Barrel twist",b2786bfb-2715-4bf6-a124-b4c960fa408e,180,100,,,,,1,FALSE,coupe-des-pointes,10,20,,,,
690a32292ef736ea1b1b4d56,barrel-twist,"Barrel twist",47ff6500-9002-4893-b3c0-9b3f60671710,180,100,,,,,1,FALSE,shampoing-dmlant,20,20,,,,
690a322957583a56ba2dd42e,barrel-twist,"Barrel twist",bf7a60da-8158-492f-b1de-8915a575da53,180,100,,,,,1,FALSE,shampoing-et-soin,35,40,,,,
690a32234e7a8ebb5f194833,boho-braids,"Boho braids",4a426f6d-6096-40b2-a276-13ecf75cdd4e,300,300,,,,,1,TRUE,,0,0,,,Boho braids,68d9064f4565bc6e58185946
690a322399beecd480dcaa5e,boho-braids,"Boho braids",d7883db3-3424-4d65-a902-5b41239d94c9,300,300,,,,,1,FALSE,coupe-des-pointes,10,20,,,,
690a3223cfaa2c22bf0d6ec5,boho-braids,"Boho braids",23809faf-2548-4ca7-8dbe-44b3c7caba0f,300,300,,,,,1,FALSE,shampoing-dmlant,20,20,,,,
690a3223404a70005a73fb05,boho-braids,"Boho braids",404fc59a-81e7-4a83-a5b2-9c65892c0b9d,300,300,,,,,1,FALSE,shampoing-et-soin,35,40,,,,
690a3226b28c26d28ba3d512,cornrows-didi-stone,"Cornrows Didi Stone",93e4ccc4-99c2-441f-a18a-891fd8369ecc,120,100,,,,,1,FALSE,,0,0,,,Cornrows femmes,690a42d69e65e468cb2a59ff
690a322693dbdb71413084d8,cornrows-didi-stone,"Cornrows Didi Stone",ba33f904-9912-48fe-81a7-8ba84286a7ce,120,100,,,,,1,FALSE,coupe-des-pointes,10,20,,,,
690a3226a2ebe29b4e378700,cornrows-didi-stone,"Cornrows Didi Stone",111c8a85-2965-45bc-bd05-a1dfe3a3a027,120,100,,,,,1,FALSE,shampoing-dmlant,20,20,,,,
690a3226394f863d6f494d99,cornrows-didi-stone,"Cornrows Didi Stone",a0f86fc8-27ed-468f-950b-efe7945f11e1,120,100,,,,,1,FALSE,shampoing-et-soin,35,40,,,,
690a32276c0b4e35bc233296,cornrows-h-braided-baldie,"Cornrows H Braided Baldie",547fc3b9-6d49-48c0-a42b-27f756742b9e,120,90,,,,,1,TRUE,,0,0,,,Cornrows hommes,68d9066e330ca04c60550b93
690a3227bbb234314aabfaba,cornrows-h-braided-baldie,"Cornrows H Braided Baldie",6c3ab460-6dfd-4f4e-b4a0-dd6856d38768,120,90,,,,,1,FALSE,coupe-des-pointes,10,20,,,,
690a32277060f9bdffae6550,cornrows-h-braided-baldie,"Cornrows H Braided Baldie",c141fc64-baf4-43f1-8fcf-47c90b170f76,120,90,,,,,1,FALSE,shampoing-dmlant,20,20,,,,
690a32279ba6334bb24435c0,cornrows-h-braided-baldie,"Cornrows H Braided Baldie",ebaf58ed-64f1-4ff4-b915-1439877992aa,120,90,,,,,1,FALSE,shampoing-et-soin,35,40,,,,
690a32269fcdfea0ef31d5a0,cornrows-tyla-lemonade,"Cornrows Tyla lemonade",a883cbf6-56c8-4a66-a99c-e6a426b2b3b2,240,200,,,,,1,TRUE,,0,0,,,Cornrows femmes,690a42d69e65e468cb2a59ff
690a322634f5ddd2888db2d4,cornrows-tyla-lemonade,"Cornrows Tyla lemonade",ddbc15d3-f802-4944-8916-a58b5abd5f1f,240,200,,,,,1,FALSE,coupe-des-pointes,10,20,,,,
690a3226ee0f689416cdf207,cornrows-tyla-lemonade,"Cornrows Tyla lemonade",33976490-ccd9-43f7-ae81-c847d9c59753,240,200,,,,,1,FALSE,shampoing-dmlant,20,20,,,,
690a322673b1d3bb21a304d1,cornrows-tyla-lemonade,"Cornrows Tyla lemonade",cae60909-c9e7-4fa9-958a-b3f31ef8674d,240,200,,,,,1,FALSE,shampoing-et-soin,35,40,,,,
690a32259ba6334bb24434f0,cornrows-braided-baldie,"Cornrows braided baldie",0ee60d13-0ca6-41b2-a9dc-744cd990bf7f,150,100,femmes,,,,1,TRUE,,0,0,,,Cornrows femmes,690a42d69e65e468cb2a59ff
690a32257b7633db973a9b63,cornrows-braided-baldie,"Cornrows braided baldie",a2310604-388b-4558-8b1b-c827b1263e59,150,100,,,,,1,FALSE,coupe-des-pointes,10,20,,,,
690a3225f85fabf95b516136,cornrows-braided-baldie,"Cornrows braided baldie",eb9f9a2c-460c-4277-bbd9-9ba2ecd9d3dc,150,100,,,,,1,FALSE,shampoing-dmlant,20,20,,,,
690a32269fcdfea0ef31d584,cornrows-braided-baldie,"Cornrows braided baldie",dab3c7c2-94c9-4172-b2d3-9707fd1bab63,150,100,,,,,1,FALSE,shampoing-et-soin,35,40,,,,
690a3227ad3f919c6e409ced,flame,"Flame",5496a1ae-5d3d-43a2-8872-b9309bfa173b,120,70,,,,,1,TRUE,,0,0,,,Cornrows hommes,68d9066e330ca04c60550b93
690a322795749a54df00e563,flame,"Flame",624500e9-8dea-4134-a8cd-6bf85e64b01b,120,70,,,,,1,FALSE,coupe-des-pointes,10,20,,,,
690a3228086bf32e48e72f3f,flame,"Flame",28d206f0-39a2-49b1-be07-2151f09b6f96,120,70,,,,,1,FALSE,shampoing-dmlant,20,20,,,,
690a322881e2cb83723ba2c5,flame,"Flame",26e2a69a-517f-4e64-8642-2f077b0ca575,120,70,,,,,1,FALSE,shampoing-et-soin,35,40,,,,
690a32235d9914eb090890e5,french-curl-bob,"French curl Bob",2bcd27d6-f57e-4c75-af47-b027e1a0cb79,180,140,,,,,1,TRUE,,0,0,,,French curl,68d906594814d0df92c08692
690a32236cf03cae2799fb11,french-curl-bob,"French curl Bob",e576e622-7649-49ad-a46a-08ba39c2be9d,180,140,,,,,1,FALSE,coupe-des-pointes,10,20,,,,
690a32232ef736ea1b1b4b70,french-curl-bob,"French curl Bob",7d836089-2ad2-46fa-8d76-79d46fa89961,180,140,,,,,1,FALSE,shampoing-dmlant,20,20,,,,
690a3223a06ee4c058679ff3,french-curl-bob,"French curl Bob",7c8f97d6-521f-47b9-af0a-4706b8b25a1f,180,140,,,,,1,FALSE,shampoing-et-soin,35,40,,,,
690a322398752731f08f78dd,french-curl-long,"French curl Long",843555aa-ef5c-4053-b3a1-0a6b7b825ea3,240,150,,,,,1,TRUE,,0,0,,,French curl,68d906594814d0df92c08692
690a32236d5d9efae3c0f45b,french-curl-long,"French curl Long",8f4242b4-303e-45f6-a7b4-bc8162600fe7,240,150,,,,,1,FALSE,coupe-des-pointes,10,20,,,,
690a32232fcb220ca72876c0,french-curl-long,"French curl Long",757ffbe0-830e-43d3-93bb-0b9373103aee,240,150,,,,,1,FALSE,shampoing-dmlant,20,20,,,,
690a3223bf086dbe4e37f1b5,french-curl-long,"French curl Long",c0a4237e-6344-4291-b108-fda7061bef30,240,150,,,,,1,FALSE,shampoing-et-soin,35,40,,,,
690a3224a1a0b8e10973e37b,fulani-mi-tete,"Fulani Mi-tête",7c599572-e853-4d6a-b1c0-b9b810b05bbb,120,70,,,,,1,TRUE,,0,0,,,Fulani,6904908506411ca2508ad6e5
690a3224ec5fd1dc6ce512c4,fulani-mi-tete,"Fulani Mi-tête",4d9b1d21-5913-4dcd-aa69-2feb74420adc,120,70,,,,,1,FALSE,coupe-des-pointes,10,20,,,,
690a32248a91107c69aed20f,fulani-mi-tete,"Fulani Mi-tête",7b488b54-97c5-404e-a8b2-aa90b804846c,120,70,,,,,1,FALSE,shampoing-dmlant,20,20,,,,
690a3224ea6ad0beaa1a8765,fulani-mi-tete,"Fulani Mi-tête",79262069-14e2-46bc-a810-8e13a2502830,120,70,,,,,1,FALSE,shampoing-et-soin,35,40,,,,
690a32247b2784a2c6be6a7f,fulani-sally,"Fulani Sally",4dc262ca-2293-4f60-a084-5dd74980ca33,240,150,,,,,1,TRUE,,0,0,,,Fulani,6904908506411ca2508ad6e5
690a3224b0e6447a2116cd43,fulani-sally,"Fulani Sally",93c69a8a-b767-41c3-88b2-ad092378cab2,240,150,,,,,1,FALSE,coupe-des-pointes,10,20,,,,
690a3224f50a45aa9eb69b76,fulani-sally,"Fulani Sally",4380dc7e-31dc-4390-b1c3-55873d1f1eee,240,150,,,,,1,FALSE,shampoing-dmlant,20,20,,,,
690a3224a5bb8d906afdd16c,fulani-sally,"Fulani Sally",736639da-937d-4492-a3e0-c220abfb279c,240,150,,,,,1,FALSE,shampoing-et-soin,35,40,,,,
690a32247a5e50d5e1d68572,fulani-tribal,"Fulani Tribal",1f7693d0-a288-4a37-afa6-fa2d97026b39,300,170,,,,,1,FALSE,,0,0,,,Fulani,6904908506411ca2508ad6e5
690a3225cf35aaa43e0d5059,fulani-tribal,"Fulani Tribal",8cbfa427-d60e-4861-a77a-cb8331141ee1,300,170,,,,,1,FALSE,coupe-des-pointes,10,20,,,,
690a3224f223293cd78bcb89,fulani-tribal,"Fulani Tribal",abec9082-96a0-4f03-b185-580ff2356086,300,170,,,,,1,FALSE,shampoing-dmlant,20,20,,,,
690a3225cf35aaa43e0d5063,fulani-tribal,"Fulani Tribal",3351a206-577d-4042-838c-7156608dafb2,300,170,,,,,1,FALSE,shampoing-et-soin,35,40,,,,
690a32245d4494faf61e703d,fulani-tyla-bob,"Fulani Tyla bob",5a8ef43f-859c-461b-a316-6b9d8cd5f15d,180,160,,,,,1,FALSE,,0,0,,,Fulani,6904908506411ca2508ad6e5
690a3224fc9ab5a56926d2ed,fulani-tyla-bob,"Fulani Tyla bob",08edaf56-367c-49a1-9515-983fbf9ffd4a,180,160,,,,,1,FALSE,coupe-des-pointes,10,20,,,,
690a32245869f8334dad4d05,fulani-tyla-bob,"Fulani Tyla bob",11ba6870-5f55-4dd9-9340-c99bbf2c6e42,180,160,,,,,1,FALSE,shampoing-dmlant,20,20,,,,
690a3225417ad41a0e268c17,fulani-tyla-bob,"Fulani Tyla bob",ce001a3d-c332-4a96-b1d8-6e8fb142ad2e,180,160,,,,,1,FALSE,shampoing-et-soin,35,40,,,,
690a322837440c957323c664,hit-the-road,"Hit the road",66b336d5-3b24-468b-a604-740d0ba595b2,60,70,,,,,1,FALSE,,0,0,,,Cornrows hommes,68d9066e330ca04c60550b93
690a3228bbd00d06164432fb,hit-the-road,"Hit the road",ef5626fc-7715-44ed-97d6-3e86404b2641,60,70,,,,,1,FALSE,coupe-des-pointes,10,20,,,,
690a32281ef16c31443c16df,hit-the-road,"Hit the road",b3bc559b-2557-4993-8cbf-302461ae4d21,60,70,,,,,1,FALSE,shampoing-dmlant,20,20,,,,
690a3228454ae7504faf60aa,hit-the-road,"Hit the road",92588df6-1f6a-4119-a695-e4efd891bc6f,60,70,,,,,1,FALSE,shampoing-et-soin,35,40,,,,
690a3226d9430aeb9079e05e,invisible-locs,"Invisible locs",728c1aa5-75fc-4900-b10e-3ef2e0fe1a4b,210,150,,,,,1,TRUE,,0,0,,,Twists,68d90676efa72bd3848188b3
690a32261054a9d9c11e021c,invisible-locs,"Invisible locs",caf9c09a-2ceb-43da-a43c-c6649f39f8a1,210,150,,,,,1,FALSE,coupe-des-pointes,10,20,,,,
690a3226f34b7f0b381d77a0,invisible-locs,"Invisible locs",d2032c3c-6bb8-4a1d-bd3f-07ade316e92e,210,150,,,,,1,FALSE,shampoing-dmlant,20,20,,,,
690a32276c63709ab3d11aff,invisible-locs,"Invisible locs",b40c7453-346e-4d39-8c0b-e859997cd522,210,150,,,,,1,FALSE,shampoing-et-soin,35,40,,,,
690a322957583a56ba2dd452,invisible-locs-h,"Invisible locs H",5acaebf7-969d-4e78-af72-f9987b29f2a0,180,120,,,,,1,TRUE,,0,0,,,Twists,68d90676efa72bd3848188b3
690a3229f8137ddd76343a9b,invisible-locs-h,"Invisible locs H",2ba834b9-0124-4243-95fe-fcb38efdcc9c,180,120,,,,,1,FALSE,coupe-des-pointes,10,20,,,,
690a322aa3a77bcd1d85cab1,invisible-locs-h,"Invisible locs H",d99a3dc9-1752-4ba9-aca6-b2f007778c7c,180,120,,,,,1,FALSE,shampoing-dmlant,20,20,,,,
690a322a9206faafc85e49dc,invisible-locs-h,"Invisible locs H",569247fc-6d5b-4e83-b8d0-91e99bb7be84,180,120,,,,,1,FALSE,shampoing-et-soin,35,40,,,,
690a322652e2dd7263765a56,jumbo-vanilles,"Jumbo vanilles",00ccf09a-3075-4513-880b-90cd410d2b40,180,130,,,,,1,TRUE,,0,0,,,Vanilles,69049079bd25e6ca6d7a31e8
690a32269dbca691b75b8c78,jumbo-vanilles,"Jumbo vanilles",10c59588-71ce-400c-89fd-b2e5d648f90e,180,130,,,,,1,FALSE,coupe-des-pointes,10,20,,,,
690a3226204dc907da46a4d8,jumbo-vanilles,"Jumbo vanilles",4d84f07c-2280-4081-b2f7-21204ef8edaf,180,130,,,,,1,FALSE,shampoing-dmlant,20,20,,,,
690a32272c0c39d81d7e4bda,jumbo-vanilles,"Jumbo vanilles",5629b512-2684-43ed-b8d1-d0c78a05c8c8,180,130,,,,,1,FALSE,shampoing-et-soin,35,40,,,,
690a322544845d090c3df829,knotless-jumbo,"Knotless Jumbo",35e91870-03a4-4115-8a0d-eb4ccd0ebd85,150,110,,,,,1,TRUE,,0,0,,,Knotless,68d906641b4517e5b721eba7
690a3225ce8e96df7e185e83,knotless-jumbo,"Knotless Jumbo",660402f7-8e72-42b9-bfff-817f47e91619,150,110,,,,,1,FALSE,coupe-des-pointes,10,20,,,,
690a3225ce8e96df7e185e93,knotless-jumbo,"Knotless Jumbo",9df0cdc8-e22b-48a4-aeb3-51c0c942abbc,150,110,,,,,1,FALSE,shampoing-dmlant,20,20,,,,
690a3225dca41a91b22e7873,knotless-jumbo,"Knotless Jumbo",703ad1ec-e5c4-44e0-9275-c524c11f564e,150,110,,,,,1,FALSE,shampoing-et-soin,35,40,,,,
690a32253d46917ae0ac0ecd,knotless-medium-small,"Knotless Medium Small",a93f3abd-b247-4a02-811d-9ebfd853f12f,300,150,,,,,1,TRUE,,0,0,,,Knotless,68d906641b4517e5b721eba7
690a3225f85fabf95b516110,knotless-medium-small,"Knotless Medium Small",c8926bbb-8ab4-4293-ba1e-78ecbe9a4a06,300,150,,,,,1,FALSE,coupe-des-pointes,10,20,,,,
690a32252db63b9ca115a22b,knotless-medium-small,"Knotless Medium Small",f666608f-ea1f-4b1b-9481-d17824ef6cc7,300,150,,,,,1,FALSE,shampoing-dmlant,20,20,,,,
690a32252b1127bf096acc8a,knotless-medium-small,"Knotless Medium Small",b845f0df-3bfb-472e-9485-e75f490b3129,300,150,,,,,1,FALSE,shampoing-et-soin,35,40,,,,
690a4360653f9fa06ace3125,pop-smoke,"Pop smoke",ceb6a21d-284e-44c9-815f-b727eb977278,90,70,,,,,1,TRUE,,0,0,,,Cornrows hommes,68d9066e330ca04c60550b93
690a43b13bff00ba13ea1c70,pop-smoke,"Pop smoke",f5492f9a-3f35-47c8-bb48-20bae823584f,90,70,,,,,1,FALSE,shampoing-dmlant,20,20,,,,
690a438c991eb9bd6a968548,pop-smoke,"Pop smoke",bc24fb63-791b-4a7f-8c1b-37d2eb98a968,90,70,,,,,1,FALSE,shampoing-et-soin,35,40,,,,
690a43cae0c8c8f4f868446b,pop-smoke,"Pop smoke",c19764bc-ba8d-47f8-afeb-39fbd0490025,90,70,,,,,1,FALSE,coupe-des-pointes,10,20,,,,
69243b406df2b4b178b44abb,ritual-washday,"Ritual Washday",ef2ea1ab-63b1-472e-9eb5-97a3ba21f0d0,60,40,,,,,1,TRUE,,0,0,,,Washday,69243ada31c02047cd706015
690a32284c183b056c53eacd,star-braids,"Star braids",c8bac882-9dd2-45f3-82cd-b10425171e87,120,70,,,,,1,TRUE,,0,0,,,Tresses,690a26410b91249eb6808b6d
690a322899beecd480dcb0a2,star-braids,"Star braids",58204642-2c8b-411c-8927-b2d3a6100f4b,120,70,,,,,1,FALSE,coupe-des-pointes,10,20,,,,
690a3228654e68e2efe847be,star-braids,"Star braids",f46973cd-c015-4abc-895b-bef6a8f1db74,120,70,,,,,1,FALSE,shampoing-dmlant,20,20,,,,
690a3228a06ee4c05867a1b3,star-braids,"Star braids",a248e34a-e97e-4f8b-8a5e-78a901624532,120,70,,,,,1,FALSE,shampoing-et-soin,35,40,,,,
690a3228c0f3243ffe0f7ff7,stitch-braids-4-nattes,"Stitch braids (4 nattes)",859f67b7-cea6-4ca0-8e8a-069d7e1e1a9d,45,40,,,,,1,TRUE,,0,0,,,Cornrows femmes,690a42d69e65e468cb2a59ff
690a3228a1a0b8e10973e688,stitch-braids-4-nattes,"Stitch braids (4 nattes)",14538f16-ac25-4951-afbb-dd2e57fb9286,45,40,,,,,1,FALSE,coupe-des-pointes,10,20,,,,
690a32289dbca691b75b8d0b,stitch-braids-4-nattes,"Stitch braids (4 nattes)",53e26951-049d-4f4c-ab42-e43151dbcaa0,45,40,,,,,1,FALSE,shampoing-dmlant,20,20,,,,
690a3229e860e49fd63ad173,stitch-braids-4-nattes,"Stitch braids (4 nattes)",1eadb026-8c4b-4cca-bdd3-26758b7a7373,45,40,,,,,1,FALSE,shampoing-et-soin,35,40,,,,
690a32299386e812c09f1c6c,stitch-braids-6-nattes,"Stitch braids (6 nattes)",5d54ae1a-5dc5-4e0a-b9c9-9cde9d3cf484,60,50,,,,,1,TRUE,,0,0,,,Cornrows femmes,690a42d69e65e468cb2a59ff
690a3229c28f9e24a39eedb2,stitch-braids-6-nattes,"Stitch braids (6 nattes)",87dca246-2ace-40f7-a2f2-0c999096dcf5,60,50,,,,,1,FALSE,coupe-des-pointes,10,20,,,,
690a3229d1a5798cdfd21bb2,stitch-braids-6-nattes,"Stitch braids (6 nattes)",d8e02e2d-c7a1-41dd-9467-bcc6aa526c5f,60,50,,,,,1,FALSE,shampoing-dmlant,20,20,,,,
690a3229b550394935b00bd5,stitch-braids-6-nattes,"Stitch braids (6 nattes)",c0d781cb-4647-4128-930e-93e3a5ec5c09,60,50,,,,,1,FALSE,shampoing-et-soin,35,40,,,,
690a3229bdf5eb3a50eb8fd4,travis-scott,"Travis Scott",ce645a73-f71b-409e-b653-58927c13c40e,120,70,,,,,1,TRUE,,0,0,,,Cornrows hommes,68d9066e330ca04c60550b93
690a3229c0f3243ffe0f8046,travis-scott,"Travis Scott",60017d90-988b-4752-aeeb-5ea8043b15a7,120,70,,,,,1,FALSE,coupe-des-pointes,10,20,,,,
690a3229264aeed1e2e3f4c5,travis-scott,"Travis Scott",27b4fb38-f7a8-4ad4-8b2c-67ec271910aa,120,70,,,,,1,FALSE,shampoing-dmlant,20,20,,,,
690a3229072e4901cf5f70c6,travis-scott,"Travis Scott",52fa59f9-79a3-4dda-8f1a-29a45bd49280,120,70,,,,,1,FALSE,shampoing-et-soin,35,40,,,,
690a322765cfdc34de2d0776,vanille-cheveux-naturels,"Vanille cheveux naturels",73e7755d-0542-4a10-ac9b-41ef0afd4866,150,100,,,,,1,TRUE,,0,0,,,Vanilles,69049079bd25e6ca6d7a31e8
690a322711567ed8e04da0e6,vanille-cheveux-naturels,"Vanille cheveux naturels",314e6650-5d2b-4a2f-bd85-71ac116aa219,150,100,,,,,1,FALSE,coupe-des-pointes,10,20,,,,
690a3227fc9ab5a56926d40a,vanille-cheveux-naturels,"Vanille cheveux naturels",45d71d5a-115c-44eb-9fe9-79f67f12e459,150,100,,,,,1,FALSE,shampoing-dmlant,20,20,,,,
690a3227ea6ad0beaa1a883a,vanille-cheveux-naturels,"Vanille cheveux naturels",8892ac63-1e0b-4be5-a362-8953f98e8c52,150,100,,,,,1,FALSE,shampoing-et-soin,35,40,,,,
690a322aa46ad93693f9dc23,vanilles,"Vanilles",a3b41a00-a28e-4307-b552-efb29e9dffc9,120,80,,,,,1,TRUE,,0,0,,,Vanilles,69049079bd25e6ca6d7a31e8
690a322a000a9a4579bc8a75,vanilles,"Vanilles",a66b8484-db4a-473b-8bae-6eaca1ccbda0,120,80,hommes,,,,1,FALSE,coupe-des-pointes,10,20,,,,
690a322a93dbdb7141308710,vanilles,"Vanilles",,120,80,hommes,,,,1,FALSE,shampoing-dmlant,20,20,,,,
690a322ac035a1d5a8346144,vanilles,"Vanilles",,120,80,hommes,,,,1,FALSE,shampoing-et-soin,35,40,,,,