Nom,Slug,Collection ID,Locale ID,Item ID,Archived,Draft,Created On,Updated On,Published On,Description courte,Description longue,Image principale,Durée,Prix,Service-catégorie,Type de service,Bookla-id,Service parent,Couleurs,Option,is-visible
Asap rocky,asap-rocky,68d69e61d9a881968fc7789b,6892189f750bf17c33b82716,690a3227cfaa2c22bf0d702e,false,false,Tue Nov 04 2025 17:04:39 GMT+0000 (Coordinated Universal Time),Mon Nov 10 2025 10:46:00 GMT+0000 (Coordinated Universal Time),Mon Nov 10 2025 10:46:15 GMT+0000 (Coordinated Universal Time),,,https://cdn.prod.website-files.com/6892189f750bf17c33b8274f/6911bcac207240b80c6b6249_asap-rocky.webp,120,80,hommes,cornrows-h,88d6d81e-1177-468c-81ed-610adbf5c122,,,,true
Asap rocky + Coupe des pointes,asap-rocky---coupe-des-pointes,68d69e61d9a881968fc7789b,6892189f750bf17c33b82716,690a3227346d882a857d2b5a,false,false,Tue Nov 04 2025 17:04:39 GMT+0000 (Coordinated Universal Time),Mon Nov 10 2025 10:46:00 GMT+0000 (Coordinated Universal Time),Mon Nov 10 2025 10:46:00 GMT+0000 (Coordinated Universal Time),,,,140,90,,cornrows-h,e8e1cb42-3ebc-43fe-aad0-3dc6b26de296,asap-rocky,,Coupe des pointes (+10€),false
Asap rocky + Shampoing démêlant,asap-rocky---shampoing-demelant,68d69e61d9a881968fc7789b,6892189f750bf17c33b82716,690a32271ef16c31443c1629,false,false,Tue Nov 04 2025 17:04:39 GMT+0000 (Coordinated Universal Time),Mon Nov 10 2025 10:46:01 GMT+0000 (Coordinated Universal Time),Mon Nov 10 2025 10:46:01 GMT+0000 (Coordinated Universal Time),,,,140,100,,cornrows-h,30e9c93c-0f2d-4637-a334-5936f2abd54f,asap-rocky,,Shampoing démêlant (+20€),false
Asap rocky + Shampoing et soin,asap-rocky---shampoing-et-soin,68d69e61d9a881968fc7789b,6892189f750bf17c33b82716,690a3227f85fabf95b51617c,false,false,Tue Nov 04 2025 17:04:39 GMT+0000 (Coordinated Universal Time),Mon Nov 10 2025 10:46:00 GMT+0000 (Coordinated Universal Time),Mon Nov 10 2025 10:46:00 GMT+0000 (Coordinated Universal Time),,,,160,115,,cornrows-h,c3fa8ac8-8a69-447e-953f-755a51512372,asap-rocky,,Shampoing et soin (+35€),false
Barrel twist,barrel-twist,68d69e61d9a881968fc7789b,6892189f750bf17c33b82716,690a32299d59ab540310dca2,false,false,Tue Nov 04 2025 17:04:41 GMT+0000 (Coordinated Universal Time),Mon Nov 10 2025 10:46:00 GMT+0000 (Coordinated Universal Time),Mon Nov 10 2025 10:46:15 GMT+0000 (Coordinated Universal Time),,,https://cdn.prod.website-files.com/6892189f750bf17c33b8274f/6911bc39a8043acecacb78e1_barrel-twist.webp,180,100,,twists,e09b1e6a-b172-4667-9c56-503bcfbfe32a,,,,true
Barrel twist + Coupe des pointes,barrel-twist---coupe-des-pointes,68d69e61d9a881968fc7789b,6892189f750bf17c33b82716,690a32292b1127bf096acd45,false,false,Tue Nov 04 2025 17:04:41 GMT+0000 (Coordinated Universal Time),Mon Nov 10 2025 10:46:00 GMT+0000 (Coordinated Universal Time),Mon Nov 10 2025 10:46:00 GMT+0000 (Coordinated Universal Time),,,,200,110,,twists,b2786bfb-2715-4bf6-a124-b4c960fa408e,barrel-twist,,Coupe des pointes (+10€),false
Barrel twist + Shampoing démêlant,barrel-twist---shampoing-demelant,68d69e61d9a881968fc7789b,6892189f750bf17c33b82716,690a32292ef736ea1b1b4d56,false,false,Tue Nov 04 2025 17:04:41 GMT+0000 (Coordinated Universal Time),Mon Nov 10 2025 10:46:00 GMT+0000 (Coordinated Universal Time),Mon Nov 10 2025 10:46:00 GMT+0000 (Coordinated Universal Time),,,,200,120,,twists,47ff6500-9002-4893-b3c0-9b3f60671710,barrel-twist,,Shampoing démêlant (+20€),false
Barrel twist + Shampoing et soin,barrel-twist---shampoing-et-soin,68d69e61d9a881968fc7789b,6892189f750bf17c33b82716,690a322957583a56ba2dd42e,false,false,Tue Nov 04 2025 17:04:41 GMT+0000 (Coordinated Universal Time),Mon Nov 10 2025 10:46:00 GMT+0000 (Coordinated Universal Time),Mon Nov 10 2025 10:46:00 GMT+0000 (Coordinated Universal Time),,,,220,135,,twists,bf7a60da-8158-492f-b1de-8915a575da53,barrel-twist,,Shampoing et soin (+35€),false
Boho braids,boho-braids,68d69e61d9a881968fc7789b,6892189f750bf17c33b82716,690a32234e7a8ebb5f194833,false,false,Tue Nov 04 2025 17:04:35 GMT+0000 (Coordinated Universal Time),Mon Nov 10 2025 10:45:48 GMT+0000 (Coordinated Universal Time),Mon Nov 10 2025 10:46:15 GMT+0000 (Coordinated Universal Time),,,https://cdn.prod.website-files.com/6892189f750bf17c33b8274f/6911bd8d165aa2d5097d5a6f_boho-braids.webp,300,300,,boho-braids,4a426f6d-6096-40b2-a276-13ecf75cdd4e,,blond; noir,,true
Boho braids + Coupe des pointes,boho-braids---coupe-des-pointes,68d69e61d9a881968fc7789b,6892189f750bf17c33b82716,690a322399beecd480dcaa5e,false,false,Tue Nov 04 2025 17:04:35 GMT+0000 (Coordinated Universal Time),Mon Nov 10 2025 10:45:48 GMT+0000 (Coordinated Universal Time),Mon Nov 10 2025 10:45:48 GMT+0000 (Coordinated Universal Time),,,,320,310,,boho-braids,d7883db3-3424-4d65-a902-5b41239d94c9,boho-braids,blond; noir,Coupe des pointes (+10€),false
Boho braids + Shampoing démêlant,boho-braids---shampoing-demelant,68d69e61d9a881968fc7789b,6892189f750bf17c33b82716,690a3223cfaa2c22bf0d6ec5,false,false,Tue Nov 04 2025 17:04:35 GMT+0000 (Coordinated Universal Time),Mon Nov 10 2025 10:45:48 GMT+0000 (Coordinated Universal Time),Mon Nov 10 2025 10:45:48 GMT+0000 (Coordinated Universal Time),,,,320,320,,boho-braids,23809faf-2548-4ca7-8dbe-44b3c7caba0f,boho-braids,blond; noir,Shampoing démêlant (+20€),false
Boho braids + Shampoing et soin,boho-braids---shampoing-et-soin,68d69e61d9a881968fc7789b,6892189f750bf17c33b82716,690a3223404a70005a73fb05,false,false,Tue Nov 04 2025 17:04:35 GMT+0000 (Coordinated Universal Time),Mon Nov 10 2025 10:45:48 GMT+0000 (Coordinated Universal Time),Mon Nov 10 2025 10:45:48 GMT+0000 (Coordinated Universal Time),,,,340,335,,boho-braids,404fc59a-81e7-4a83-a5b2-9c65892c0b9d,boho-braids,blond; noir,Shampoing et soin (+35€),false
Cornrows Didi Stone,cornrows-didi-stone,68d69e61d9a881968fc7789b,6892189f750bf17c33b82716,690a3226b28c26d28ba3d512,false,false,Tue Nov 04 2025 17:04:38 GMT+0000 (Coordinated Universal Time),Mon Nov 10 2025 10:46:01 GMT+0000 (Coordinated Universal Time),Mon Nov 10 2025 10:46:15 GMT+0000 (Coordinated Universal Time),,,,120,100,,cornrows-h,93e4ccc4-99c2-441f-a18a-891fd8369ecc,,blond-cendre; blond,,false
Cornrows Didi Stone + Coupe des pointes,cornrows-didi-stone---coupe-des-pointes,68d69e61d9a881968fc7789b,6892189f750bf17c33b82716,690a322693dbdb71413084d8,false,false,Tue Nov 04 2025 17:04:38 GMT+0000 (Coordinated Universal Time),Mon Nov 10 2025 10:46:01 GMT+0000 (Coordinated Universal Time),Mon Nov 10 2025 10:46:01 GMT+0000 (Coordinated Universal Time),,,,140,110,,cornrows-h,ba33f904-9912-48fe-81a7-8ba84286a7ce,cornrows-didi-stone,blond-cendre; blond,Coupe des pointes (+10€),false
Cornrows Didi Stone + Shampoing démêlant,cornrows-didi-stone---shampoing-demelant,68d69e61d9a881968fc7789b,6892189f750bf17c33b82716,690a3226a2ebe29b4e378700,false,false,Tue Nov 04 2025 17:04:38 GMT+0000 (Coordinated Universal Time),Mon Nov 10 2025 10:46:00 GMT+0000 (Coordinated Universal Time),Mon Nov 10 2025 10:46:00 GMT+0000 (Coordinated Universal Time),,,,140,120,,cornrows-h,111c8a85-2965-45bc-bd05-a1dfe3a3a027,cornrows-didi-stone,blond-cendre; blond,Shampoing démêlant (+20€),false
Cornrows Didi Stone + Shampoing et soin,cornrows-didi-stone---shampoing-et-soin,68d69e61d9a881968fc7789b,6892189f750bf17c33b82716,690a3226394f863d6f494d99,false,false,Tue Nov 04 2025 17:04:38 GMT+0000 (Coordinated Universal Time),Mon Nov 10 2025 10:45:59 GMT+0000 (Coordinated Universal Time),Mon Nov 10 2025 10:45:59 GMT+0000 (Coordinated Universal Time),,,,160,135,,cornrows-h,a0f86fc8-27ed-468f-950b-efe7945f11e1,cornrows-didi-stone,blond-cendre; blond,Shampoing et soin (+35€),false
Cornrows H Braided Baldie,braided-baldie,68d69e61d9a881968fc7789b,6892189f750bf17c33b82716,690a32276c0b4e35bc233296,false,false,Tue Nov 04 2025 17:04:39 GMT+0000 (Coordinated Universal Time),Mon Nov 10 2025 10:45:59 GMT+0000 (Coordinated Universal Time),Mon Nov 10 2025 10:46:15 GMT+0000 (Coordinated Universal Time),,,https://cdn.prod.website-files.com/6892189f750bf17c33b8274f/6911bca5371e4fb067137c70_braided-baldie.webp,120,90,,cornrows-h,547fc3b9-6d49-48c0-a42b-27f756742b9e,,,,true
Cornrows H Braided Baldie + Coupe des pointes,braided-baldie---coupe-des-pointes,68d69e61d9a881968fc7789b,6892189f750bf17c33b82716,690a3227bbb234314aabfaba,false,false,Tue Nov 04 2025 17:04:39 GMT+0000 (Coordinated Universal Time),Mon Nov 10 2025 10:46:00 GMT+0000 (Coordinated Universal Time),Mon Nov 10 2025 10:46:00 GMT+0000 (Coordinated Universal Time),,,,140,100,,cornrows-h,6c3ab460-6dfd-4f4e-b4a0-dd6856d38768,braided-baldie,,Coupe des pointes (+10€),false
Cornrows H Braided Baldie + Shampoing démêlant,braided-baldie---shampoing-demelant,68d69e61d9a881968fc7789b,6892189f750bf17c33b82716,690a32277060f9bdffae6550,false,false,Tue Nov 04 2025 17:04:39 GMT+0000 (Coordinated Universal Time),Mon Nov 10 2025 10:46:00 GMT+0000 (Coordinated Universal Time),Mon Nov 10 2025 10:46:00 GMT+0000 (Coordinated Universal Time),,,,140,110,,cornrows-h,c141fc64-baf4-43f1-8fcf-47c90b170f76,braided-baldie,,Shampoing démêlant (+20€),false
Cornrows H Braided Baldie + Shampoing et soin,braided-baldie---shampoing-et-soin,68d69e61d9a881968fc7789b,6892189f750bf17c33b82716,690a32279ba6334bb24435c0,false,false,Tue Nov 04 2025 17:04:39 GMT+0000 (Coordinated Universal Time),Mon Nov 10 2025 10:46:01 GMT+0000 (Coordinated Universal Time),Mon Nov 10 2025 10:46:01 GMT+0000 (Coordinated Universal Time),,,,160,125,,cornrows-h,ebaf58ed-64f1-4ff4-b915-1439877992aa,braided-baldie,,Shampoing et soin (+35€),false
Cornrows Tyla lemonade,cornrows-tyla-lemonade,68d69e61d9a881968fc7789b,6892189f750bf17c33b82716,690a32269fcdfea0ef31d5a0,false,false,Tue Nov 04 2025 17:04:38 GMT+0000 (Coordinated Universal Time),Mon Nov 10 2025 10:45:59 GMT+0000 (Coordinated Universal Time),Mon Nov 10 2025 10:46:15 GMT+0000 (Coordinated Universal Time),,,https://cdn.prod.website-files.com/6892189f750bf17c33b8274f/6911bcf1531923d12c782c19_tyla-lemonade.webp,240,200,,cornrows-h,a883cbf6-56c8-4a66-a99c-e6a426b2b3b2,,blond-cendre; blond,,true
Cornrows Tyla lemonade + Coupe des pointes,cornrows-tyla-lemonade---coupe-des-pointes,68d69e61d9a881968fc7789b,6892189f750bf17c33b82716,690a322634f5ddd2888db2d4,false,false,Tue Nov 04 2025 17:04:38 GMT+0000 (Coordinated Universal Time),Mon Nov 10 2025 10:45:59 GMT+0000 (Coordinated Universal Time),Mon Nov 10 2025 10:45:59 GMT+0000 (Coordinated Universal Time),,,,260,210,,cornrows-h,ddbc15d3-f802-4944-8916-a58b5abd5f1f,cornrows-tyla-lemonade,blond-cendre; blond,Coupe des pointes (+10€),false
Cornrows Tyla lemonade + Shampoing démêlant,cornrows-tyla-lemonade---shampoing-demelant,68d69e61d9a881968fc7789b,6892189f750bf17c33b82716,690a3226ee0f689416cdf207,false,false,Tue Nov 04 2025 17:04:38 GMT+0000 (Coordinated Universal Time),Mon Nov 10 2025 10:46:00 GMT+0000 (Coordinated Universal Time),Mon Nov 10 2025 10:46:00 GMT+0000 (Coordinated Universal Time),,,,260,220,,cornrows-h,33976490-ccd9-43f7-ae81-c847d9c59753,cornrows-tyla-lemonade,blond-cendre; blond,Shampoing démêlant (+20€),false
Cornrows Tyla lemonade + Shampoing et soin,cornrows-tyla-lemonade---shampoing-et-soin,68d69e61d9a881968fc7789b,6892189f750bf17c33b82716,690a322673b1d3bb21a304d1,false,false,Tue Nov 04 2025 17:04:38 GMT+0000 (Coordinated Universal Time),Mon Nov 10 2025 10:45:59 GMT+0000 (Coordinated Universal Time),Mon Nov 10 2025 10:45:59 GMT+0000 (Coordinated Universal Time),,,,280,235,,cornrows-h,cae60909-c9e7-4fa9-958a-b3f31ef8674d,cornrows-tyla-lemonade,blond-cendre; blond,Shampoing et soin (+35€),false
Cornrows braided baldie,cornrows-braided-baldie,68d69e61d9a881968fc7789b,6892189f750bf17c33b82716,690a32259ba6334bb24434f0,false,false,Tue Nov 04 2025 17:04:37 GMT+0000 (Coordinated Universal Time),Mon Nov 10 2025 10:46:00 GMT+0000 (Coordinated Universal Time),Mon Nov 10 2025 10:46:15 GMT+0000 (Coordinated Universal Time),,,https://cdn.prod.website-files.com/6892189f750bf17c33b8274f/6911bd026726d5edb181f448_braided-baldie-femmes.webp,150,100,femmes,cornrows-h,0ee60d13-0ca6-41b2-a9dc-744cd990bf7f,,blond-cendre; blond; black; gold,,true
Cornrows braided baldie + Coupe des pointes,cornrows-braided-baldie---coupe-des-pointes,68d69e61d9a881968fc7789b,6892189f750bf17c33b82716,690a32257b7633db973a9b63,false,false,Tue Nov 04 2025 17:04:37 GMT+0000 (Coordinated Universal Time),Mon Nov 10 2025 10:46:00 GMT+0000 (Coordinated Universal Time),Mon Nov 10 2025 10:46:00 GMT+0000 (Coordinated Universal Time),,,,170,110,,cornrows-h,a2310604-388b-4558-8b1b-c827b1263e59,cornrows-braided-baldie,,Coupe des pointes (+10€),false
Cornrows braided baldie + Shampoing démêlant,cornrows-braided-baldie---shampoing-demelant,68d69e61d9a881968fc7789b,6892189f750bf17c33b82716,690a3225f85fabf95b516136,false,false,Tue Nov 04 2025 17:04:37 GMT+0000 (Coordinated Universal Time),Mon Nov 10 2025 10:45:59 GMT+0000 (Coordinated Universal Time),Mon Nov 10 2025 10:45:59 GMT+0000 (Coordinated Universal Time),,,,170,120,,cornrows-h,eb9f9a2c-460c-4277-bbd9-9ba2ecd9d3dc,cornrows-braided-baldie,,Shampoing démêlant (+20€),false
Cornrows braided baldie + Shampoing et soin,cornrows-braided-baldie---shampoing-et-soin,68d69e61d9a881968fc7789b,6892189f750bf17c33b82716,690a32269fcdfea0ef31d584,false,false,Tue Nov 04 2025 17:04:38 GMT+0000 (Coordinated Universal Time),Mon Nov 10 2025 10:46:01 GMT+0000 (Coordinated Universal Time),Mon Nov 10 2025 10:46:01 GMT+0000 (Coordinated Universal Time),,,,190,135,,cornrows-h,dab3c7c2-94c9-4172-b2d3-9707fd1bab63,cornrows-braided-baldie,,Shampoing et soin (+35€),false
Flame,flame,68d69e61d9a881968fc7789b,6892189f750bf17c33b82716,690a3227ad3f919c6e409ced,false,false,Tue Nov 04 2025 17:04:39 GMT+0000 (Coordinated Universal Time),Mon Nov 10 2025 10:45:59 GMT+0000 (Coordinated Universal Time),Mon Nov 10 2025 10:46:15 GMT+0000 (Coordinated Universal Time),,,https://cdn.prod.website-files.com/6892189f750bf17c33b8274f/6911bc79d4340d7ee8b4109c_flame.webp,120,70,,cornrows-h,5496a1ae-5d3d-43a2-8872-b9309bfa173b,,,,true
Flame + Coupe des pointes,flame---coupe-des-pointes,68d69e61d9a881968fc7789b,6892189f750bf17c33b82716,690a322795749a54df00e563,false,false,Tue Nov 04 2025 17:04:39 GMT+0000 (Coordinated Universal Time),Mon Nov 10 2025 10:46:00 GMT+0000 (Coordinated Universal Time),Mon Nov 10 2025 10:46:00 GMT+0000 (Coordinated Universal Time),,,,140,80,,cornrows-h,624500e9-8dea-4134-a8cd-6bf85e64b01b,flame,,Coupe des pointes (+10€),false
Flame + Shampoing démêlant,flame---shampoing-demelant,68d69e61d9a881968fc7789b,6892189f750bf17c33b82716,690a3228086bf32e48e72f3f,false,false,Tue Nov 04 2025 17:04:40 GMT+0000 (Coordinated Universal Time),Mon Nov 10 2025 10:46:00 GMT+0000 (Coordinated Universal Time),Mon Nov 10 2025 10:46:00 GMT+0000 (Coordinated Universal Time),,,,140,90,,cornrows-h,28d206f0-39a2-49b1-be07-2151f09b6f96,flame,,Shampoing démêlant (+20€),false
Flame + Shampoing et soin,flame---shampoing-et-soin,68d69e61d9a881968fc7789b,6892189f750bf17c33b82716,690a322881e2cb83723ba2c5,false,false,Tue Nov 04 2025 17:04:40 GMT+0000 (Coordinated Universal Time),Mon Nov 10 2025 10:46:01 GMT+0000 (Coordinated Universal Time),Mon Nov 10 2025 10:46:01 GMT+0000 (Coordinated Universal Time),,,,160,105,,cornrows-h,26e2a69a-517f-4e64-8642-2f077b0ca575,flame,,Shampoing et soin (+35€),false
French curl Bob,french-curl-bob,68d69e61d9a881968fc7789b,6892189f750bf17c33b82716,690a32235d9914eb090890e5,false,false,Tue Nov 04 2025 17:04:35 GMT+0000 (Coordinated Universal Time),Mon Nov 10 2025 10:45:48 GMT+0000 (Coordinated Universal Time),Mon Nov 10 2025 10:46:15 GMT+0000 (Coordinated Universal Time),,,https://cdn.prod.website-files.com/6892189f750bf17c33b8274f/6911bd657c743c51fa1511da_french-curl-bob.webp,180,140,,,2bcd27d6-f57e-4c75-af47-b027e1a0cb79,,blond-cendre; blond,,true
French curl Bob + Coupe des pointes,french-curl-bob---coupe-des-pointes,68d69e61d9a881968fc7789b,6892189f750bf17c33b82716,690a32236cf03cae2799fb11,false,false,Tue Nov 04 2025 17:04:35 GMT+0000 (Coordinated Universal Time),Mon Nov 10 2025 10:45:48 GMT+0000 (Coordinated Universal Time),Mon Nov 10 2025 10:45:48 GMT+0000 (Coordinated Universal Time),,,,200,150,,,e576e622-7649-49ad-a46a-08ba39c2be9d,french-curl-bob,blond-cendre; blond,Coupe des pointes (+10€),false
French curl Bob + Shampoing démêlant,french-curl-bob---shampoing-demelant,68d69e61d9a881968fc7789b,6892189f750bf17c33b82716,690a32232ef736ea1b1b4b70,false,false,Tue Nov 04 2025 17:04:35 GMT+0000 (Coordinated Universal Time),Mon Nov 10 2025 10:45:48 GMT+0000 (Coordinated Universal Time),Mon Nov 10 2025 10:45:48 GMT+0000 (Coordinated Universal Time),,,,200,160,,,7d836089-2ad2-46fa-8d76-79d46fa89961,french-curl-bob,blond-cendre; blond,Shampoing démêlant (+20€),false
French curl Bob + Shampoing et soin,french-curl-bob---shampoing-et-soin,68d69e61d9a881968fc7789b,6892189f750bf17c33b82716,690a3223a06ee4c058679ff3,false,false,Tue Nov 04 2025 17:04:35 GMT+0000 (Coordinated Universal Time),Mon Nov 10 2025 10:45:48 GMT+0000 (Coordinated Universal Time),Mon Nov 10 2025 10:45:48 GMT+0000 (Coordinated Universal Time),,,,220,175,,,7c8f97d6-521f-47b9-af0a-4706b8b25a1f,french-curl-bob,blond-cendre; blond,Shampoing et soin (+35€),false
French curl Long,french-curl-long,68d69e61d9a881968fc7789b,6892189f750bf17c33b82716,690a322398752731f08f78dd,false,false,Tue Nov 04 2025 17:04:35 GMT+0000 (Coordinated Universal Time),Mon Nov 10 2025 10:45:58 GMT+0000 (Coordinated Universal Time),Mon Nov 10 2025 10:46:15 GMT+0000 (Coordinated Universal Time),,,https://cdn.prod.website-files.com/6892189f750bf17c33b8274f/6911bd4f7edd4710efeb8843_french-curl-long.webp,240,150,,,843555aa-ef5c-4053-b3a1-0a6b7b825ea3,,blond-cendre; blond,,true
French curl Long + Coupe des pointes,french-curl-long---coupe-des-pointes,68d69e61d9a881968fc7789b,6892189f750bf17c33b82716,690a32236d5d9efae3c0f45b,false,false,Tue Nov 04 2025 17:04:35 GMT+0000 (Coordinated Universal Time),Mon Nov 10 2025 10:46:00 GMT+0000 (Coordinated Universal Time),Mon Nov 10 2025 10:46:00 GMT+0000 (Coordinated Universal Time),,,,260,160,,,8f4242b4-303e-45f6-a7b4-bc8162600fe7,french-curl-long,blond-cendre; blond,Coupe des pointes (+10€),false
French curl Long + Shampoing démêlant,french-curl-long---shampoing-demelant,68d69e61d9a881968fc7789b,6892189f750bf17c33b82716,690a32232fcb220ca72876c0,false,false,Tue Nov 04 2025 17:04:35 GMT+0000 (Coordinated Universal Time),Mon Nov 10 2025 10:46:00 GMT+0000 (Coordinated Universal Time),Mon Nov 10 2025 10:46:00 GMT+0000 (Coordinated Universal Time),,,,260,170,,,757ffbe0-830e-43d3-93bb-0b9373103aee,french-curl-long,blond-cendre; blond,Shampoing démêlant (+20€),false
French curl Long + Shampoing et soin,french-curl-long---shampoing-et-soin,68d69e61d9a881968fc7789b,6892189f750bf17c33b82716,690a3223bf086dbe4e37f1b5,false,false,Tue Nov 04 2025 17:04:35 GMT+0000 (Coordinated Universal Time),Mon Nov 10 2025 10:45:59 GMT+0000 (Coordinated Universal Time),Mon Nov 10 2025 10:45:59 GMT+0000 (Coordinated Universal Time),,,,280,185,,,c0a4237e-6344-4291-b108-fda7061bef30,french-curl-long,blond-cendre; blond,Shampoing et soin (+35€),false
Fulani Mi-tête,fulani-mi-tete,68d69e61d9a881968fc7789b,6892189f750bf17c33b82716,690a3224a1a0b8e10973e37b,false,false,Tue Nov 04 2025 17:04:36 GMT+0000 (Coordinated Universal Time),Mon Nov 10 2025 10:45:59 GMT+0000 (Coordinated Universal Time),Mon Nov 10 2025 10:46:15 GMT+0000 (Coordinated Universal Time),,,https://cdn.prod.website-files.com/6892189f750bf17c33b8274f/6911bd33effc22c11a268ccb_fulani-mi-tete.webp,120,70,,fulani,7c599572-e853-4d6a-b1c0-b9b810b05bbb,,blond-cendre; blond,,true
Fulani Mi-tête + Coupe des pointes,fulani-mi-tete---coupe-des-pointes,68d69e61d9a881968fc7789b,6892189f750bf17c33b82716,690a3224ec5fd1dc6ce512c4,false,false,Tue Nov 04 2025 17:04:36 GMT+0000 (Coordinated Universal Time),Mon Nov 10 2025 10:46:01 GMT+0000 (Coordinated Universal Time),Mon Nov 10 2025 10:46:01 GMT+0000 (Coordinated Universal Time),,,,140,80,,fulani,4d9b1d21-5913-4dcd-aa69-2feb74420adc,fulani-mi-tete,blond-cendre; blond,Coupe des pointes (+10€),false
Fulani Mi-tête + Shampoing démêlant,fulani-mi-tete---shampoing-demelant,68d69e61d9a881968fc7789b,6892189f750bf17c33b82716,690a32248a91107c69aed20f,false,false,Tue Nov 04 2025 17:04:36 GMT+0000 (Coordinated Universal Time),Mon Nov 10 2025 10:45:59 GMT+0000 (Coordinated Universal Time),Mon Nov 10 2025 10:45:59 GMT+0000 (Coordinated Universal Time),,,,140,90,,fulani,7b488b54-97c5-404e-a8b2-aa90b804846c,fulani-mi-tete,blond-cendre; blond,Shampoing démêlant (+20€),false
Fulani Mi-tête + Shampoing et soin,fulani-mi-tete---shampoing-et-soin,68d69e61d9a881968fc7789b,6892189f750bf17c33b82716,690a3224ea6ad0beaa1a8765,false,false,Tue Nov 04 2025 17:04:36 GMT+0000 (Coordinated Universal Time),Mon Nov 10 2025 10:45:59 GMT+0000 (Coordinated Universal Time),Mon Nov 10 2025 10:45:59 GMT+0000 (Coordinated Universal Time),,,,160,105,,fulani,79262069-14e2-46bc-a810-8e13a2502830,fulani-mi-tete,blond-cendre; blond,Shampoing et soin (+35€),false
Fulani Sally,fulani-sally,68d69e61d9a881968fc7789b,6892189f750bf17c33b82716,690a32247b2784a2c6be6a7f,false,false,Tue Nov 04 2025 17:04:36 GMT+0000 (Coordinated Universal Time),Mon Nov 10 2025 10:46:01 GMT+0000 (Coordinated Universal Time),Mon Nov 10 2025 10:46:15 GMT+0000 (Coordinated Universal Time),,,https://cdn.prod.website-files.com/6892189f750bf17c33b8274f/6911bd3d9efbfe18cc88ba94_fulani-sally.webp,240,150,,fulani,4dc262ca-2293-4f60-a084-5dd74980ca33,,blond-cendre; blond,,true
Fulani Sally + Coupe des pointes,fulani-sally---coupe-des-pointes,68d69e61d9a881968fc7789b,6892189f750bf17c33b82716,690a3224b0e6447a2116cd43,false,false,Tue Nov 04 2025 17:04:36 GMT+0000 (Coordinated Universal Time),Mon Nov 10 2025 10:46:01 GMT+0000 (Coordinated Universal Time),Mon Nov 10 2025 10:46:01 GMT+0000 (Coordinated Universal Time),,,,260,160,,fulani,93c69a8a-b767-41c3-88b2-ad092378cab2,fulani-sally,blond-cendre; blond,Coupe des pointes (+10€),false
Fulani Sally + Shampoing démêlant,fulani-sally---shampoing-demelant,68d69e61d9a881968fc7789b,6892189f750bf17c33b82716,690a3224f50a45aa9eb69b76,false,false,Tue Nov 04 2025 17:04:36 GMT+0000 (Coordinated Universal Time),Mon Nov 10 2025 10:46:00 GMT+0000 (Coordinated Universal Time),Mon Nov 10 2025 10:46:00 GMT+0000 (Coordinated Universal Time),,,,260,170,,fulani,4380dc7e-31dc-4390-b1c3-55873d1f1eee,fulani-sally,blond-cendre; blond,Shampoing démêlant (+20€),false
Fulani Sally + Shampoing et soin,fulani-sally---shampoing-et-soin,68d69e61d9a881968fc7789b,6892189f750bf17c33b82716,690a3224a5bb8d906afdd16c,false,false,Tue Nov 04 2025 17:04:36 GMT+0000 (Coordinated Universal Time),Mon Nov 10 2025 10:45:59 GMT+0000 (Coordinated Universal Time),Mon Nov 10 2025 10:45:59 GMT+0000 (Coordinated Universal Time),,,,280,185,,fulani,736639da-937d-4492-a3e0-c220abfb279c,fulani-sally,blond-cendre; blond,Shampoing et soin (+35€),false
Fulani Tribal,fulani-tribal,68d69e61d9a881968fc7789b,6892189f750bf17c33b82716,690a32247a5e50d5e1d68572,false,false,Tue Nov 04 2025 17:04:36 GMT+0000 (Coordinated Universal Time),Mon Nov 10 2025 10:45:59 GMT+0000 (Coordinated Universal Time),Mon Nov 10 2025 10:46:15 GMT+0000 (Coordinated Universal Time),,,,300,170,,fulani,1f7693d0-a288-4a37-afa6-fa2d97026b39,,blond-cendre; blond,,false
Fulani Tribal + Coupe des pointes,fulani-tribal---coupe-des-pointes,68d69e61d9a881968fc7789b,6892189f750bf17c33b82716,690a3225cf35aaa43e0d5059,false,false,Tue Nov 04 2025 17:04:37 GMT+0000 (Coordinated Universal Time),Mon Nov 10 2025 10:45:59 GMT+0000 (Coordinated Universal Time),Mon Nov 10 2025 10:45:59 GMT+0000 (Coordinated Universal Time),,,,320,180,,fulani,8cbfa427-d60e-4861-a77a-cb8331141ee1,fulani-tribal,blond-cendre; blond,Coupe des pointes (+10€),false
Fulani Tribal + Shampoing démêlant,fulani-tribal---shampoing-demelant,68d69e61d9a881968fc7789b,6892189f750bf17c33b82716,690a3224f223293cd78bcb89,false,false,Tue Nov 04 2025 17:04:36 GMT+0000 (Coordinated Universal Time),Mon Nov 10 2025 10:45:59 GMT+0000 (Coordinated Universal Time),Mon Nov 10 2025 10:45:59 GMT+0000 (Coordinated Universal Time),,,,320,190,,fulani,abec9082-96a0-4f03-b185-580ff2356086,fulani-tribal,blond-cendre; blond,Shampoing démêlant (+20€),false
Fulani Tribal + Shampoing et soin,fulani-tribal---shampoing-et-soin,68d69e61d9a881968fc7789b,6892189f750bf17c33b82716,690a3225cf35aaa43e0d5063,false,false,Tue Nov 04 2025 17:04:37 GMT+0000 (Coordinated Universal Time),Mon Nov 10 2025 10:45:59 GMT+0000 (Coordinated Universal Time),Mon Nov 10 2025 10:45:59 GMT+0000 (Coordinated Universal Time),,,,340,205,,fulani,3351a206-577d-4042-838c-7156608dafb2,fulani-tribal,blond-cendre; blond,Shampoing et soin (+35€),false
Fulani Tyla bob,fulani-tyla-bob,68d69e61d9a881968fc7789b,6892189f750bf17c33b82716,690a32245d4494faf61e703d,false,false,Tue Nov 04 2025 17:04:36 GMT+0000 (Coordinated Universal Time),Fri Nov 21 2025 14:06:18 GMT+0000 (Coordinated Universal Time),Fri Nov 21 2025 14:18:20 GMT+0000 (Coordinated Universal Time),,,,180,160,,fulani,5a8ef43f-859c-461b-a316-6b9d8cd5f15d,,blond-cendre; blond; rouge; gold,,false
Fulani Tyla bob + Coupe des pointes,fulani-tyla-bob---coupe-des-pointes,68d69e61d9a881968fc7789b,6892189f750bf17c33b82716,690a3224fc9ab5a56926d2ed,false,false,Tue Nov 04 2025 17:04:36 GMT+0000 (Coordinated Universal Time),Mon Nov 10 2025 10:45:58 GMT+0000 (Coordinated Universal Time),Mon Nov 10 2025 10:45:58 GMT+0000 (Coordinated Universal Time),,,,200,170,,fulani,08edaf56-367c-49a1-9515-983fbf9ffd4a,fulani-tyla-bob,blond-cendre; blond,Coupe des pointes (+10€),false
Fulani Tyla bob + Shampoing démêlant,fulani-tyla-bob---shampoing-demelant,68d69e61d9a881968fc7789b,6892189f750bf17c33b82716,690a32245869f8334dad4d05,false,false,Tue Nov 04 2025 17:04:36 GMT+0000 (Coordinated Universal Time),Mon Nov 10 2025 10:45:59 GMT+0000 (Coordinated Universal Time),Mon Nov 10 2025 10:45:59 GMT+0000 (Coordinated Universal Time),,,,200,180,,fulani,11ba6870-5f55-4dd9-9340-c99bbf2c6e42,fulani-tyla-bob,blond-cendre; blond,Shampoing démêlant (+20€),false
Fulani Tyla bob + Shampoing et soin,fulani-tyla-bob---shampoing-et-soin,68d69e61d9a881968fc7789b,6892189f750bf17c33b82716,690a3225417ad41a0e268c17,false,false,Tue Nov 04 2025 17:04:37 GMT+0000 (Coordinated Universal Time),Mon Nov 10 2025 10:45:59 GMT+0000 (Coordinated Universal Time),Mon Nov 10 2025 10:45:59 GMT+0000 (Coordinated Universal Time),,,,220,195,,fulani,ce001a3d-c332-4a96-b1d8-6e8fb142ad2e,fulani-tyla-bob,blond-cendre; blond,Shampoing et soin (+35€),false
Hit the road,hit-the-road,68d69e61d9a881968fc7789b,6892189f750bf17c33b82716,690a322837440c957323c664,false,false,Tue Nov 04 2025 17:04:40 GMT+0000 (Coordinated Universal Time),Mon Nov 10 2025 10:46:00 GMT+0000 (Coordinated Universal Time),Mon Nov 10 2025 10:46:15 GMT+0000 (Coordinated Universal Time),,,,60,70,,cornrows-h,66b336d5-3b24-468b-a604-740d0ba595b2,,,,false
Hit the road + Coupe des pointes,hit-the-road---coupe-des-pointes,68d69e61d9a881968fc7789b,6892189f750bf17c33b82716,690a3228bbd00d06164432fb,false,false,Tue Nov 04 2025 17:04:40 GMT+0000 (Coordinated Universal Time),Mon Nov 10 2025 10:45:59 GMT+0000 (Coordinated Universal Time),Mon Nov 10 2025 10:45:59 GMT+0000 (Coordinated Universal Time),,,,80,80,,cornrows-h,ef5626fc-7715-44ed-97d6-3e86404b2641,hit-the-road,,Coupe des pointes (+10€),false
Hit the road + Shampoing démêlant,hit-the-road---shampoing-demelant,68d69e61d9a881968fc7789b,6892189f750bf17c33b82716,690a32281ef16c31443c16df,false,false,Tue Nov 04 2025 17:04:40 GMT+0000 (Coordinated Universal Time),Mon Nov 10 2025 10:46:01 GMT+0000 (Coordinated Universal Time),Mon Nov 10 2025 10:46:01 GMT+0000 (Coordinated Universal Time),,,,80,90,,cornrows-h,b3bc559b-2557-4993-8cbf-302461ae4d21,hit-the-road,,Shampoing démêlant (+20€),false
Hit the road + Shampoing et soin,hit-the-road---shampoing-et-soin,68d69e61d9a881968fc7789b,6892189f750bf17c33b82716,690a3228454ae7504faf60aa,false,false,Tue Nov 04 2025 17:04:40 GMT+0000 (Coordinated Universal Time),Mon Nov 10 2025 10:46:00 GMT+0000 (Coordinated Universal Time),Mon Nov 10 2025 10:46:00 GMT+0000 (Coordinated Universal Time),,,,100,105,,cornrows-h,92588df6-1f6a-4119-a695-e4efd891bc6f,hit-the-road,,Shampoing et soin (+35€),false
Invisible locs,invisible-locs,68d69e61d9a881968fc7789b,6892189f750bf17c33b82716,690a3226d9430aeb9079e05e,false,false,Tue Nov 04 2025 17:04:38 GMT+0000 (Coordinated Universal Time),Mon Nov 10 2025 10:45:59 GMT+0000 (Coordinated Universal Time),Mon Nov 10 2025 10:46:15 GMT+0000 (Coordinated Universal Time),,,https://cdn.prod.website-files.com/6892189f750bf17c33b8274f/6911bce86da93f8fd85ded07_invisible-locs-femmes.webp,210,150,,vanilles,728c1aa5-75fc-4900-b10e-3ef2e0fe1a4b,,blond-cendre; blond,,true
Invisible locs + Coupe des pointes,invisible-locs---coupe-des-pointes,68d69e61d9a881968fc7789b,6892189f750bf17c33b82716,690a32261054a9d9c11e021c,false,false,Tue Nov 04 2025 17:04:38 GMT+0000 (Coordinated Universal Time),Mon Nov 10 2025 10:46:00 GMT+0000 (Coordinated Universal Time),Mon Nov 10 2025 10:46:00 GMT+0000 (Coordinated Universal Time),,,,230,160,,vanilles,caf9c09a-2ceb-43da-a43c-c6649f39f8a1,invisible-locs,blond-cendre; blond,Coupe des pointes (+10€),false
Invisible locs + Shampoing démêlant,invisible-locs---shampoing-demelant,68d69e61d9a881968fc7789b,6892189f750bf17c33b82716,690a3226f34b7f0b381d77a0,false,false,Tue Nov 04 2025 17:04:38 GMT+0000 (Coordinated Universal Time),Mon Nov 10 2025 10:45:59 GMT+0000 (Coordinated Universal Time),Mon Nov 10 2025 10:45:59 GMT+0000 (Coordinated Universal Time),,,,230,170,,vanilles,d2032c3c-6bb8-4a1d-bd3f-07ade316e92e,invisible-locs,blond-cendre; blond,Shampoing démêlant (+20€),false
Invisible locs + Shampoing et soin,invisible-locs---shampoing-et-soin,68d69e61d9a881968fc7789b,6892189f750bf17c33b82716,690a32276c63709ab3d11aff,false,false,Tue Nov 04 2025 17:04:39 GMT+0000 (Coordinated Universal Time),Mon Nov 10 2025 10:45:59 GMT+0000 (Coordinated Universal Time),Mon Nov 10 2025 10:45:59 GMT+0000 (Coordinated Universal Time),,,,250,185,,vanilles,b40c7453-346e-4d39-8c0b-e859997cd522,invisible-locs,blond-cendre; blond,Shampoing et soin (+35€),false
Invisible locs H,invisible-locs-h,68d69e61d9a881968fc7789b,6892189f750bf17c33b82716,690a322957583a56ba2dd452,false,false,Tue Nov 04 2025 17:04:41 GMT+0000 (Coordinated Universal Time),Mon Nov 10 2025 10:46:00 GMT+0000 (Coordinated Universal Time),Mon Nov 10 2025 10:46:15 GMT+0000 (Coordinated Universal Time),,,https://cdn.prod.website-files.com/6892189f750bf17c33b8274f/6911bc31fbda225abbe09b81_invisible-locs-homme.webp,180,120,,twists,5acaebf7-969d-4e78-af72-f9987b29f2a0,,,,true
Invisible locs H + Coupe des pointes,invisible-locs---coupe-des-pointes-9500e,68d69e61d9a881968fc7789b,6892189f750bf17c33b82716,690a3229f8137ddd76343a9b,false,false,Tue Nov 04 2025 17:04:41 GMT+0000 (Coordinated Universal Time),Mon Nov 10 2025 10:46:00 GMT+0000 (Coordinated Universal Time),Mon Nov 10 2025 10:46:00 GMT+0000 (Coordinated Universal Time),,,,200,130,,twists,2ba834b9-0124-4243-95fe-fcb38efdcc9c,,,Coupe des pointes (+10€),false
Invisible locs H + Shampoing démêlant,invisible-locs---shampoing-demelant-5807a,68d69e61d9a881968fc7789b,6892189f750bf17c33b82716,690a322aa3a77bcd1d85cab1,false,false,Tue Nov 04 2025 17:04:42 GMT+0000 (Coordinated Universal Time),Mon Nov 10 2025 10:46:01 GMT+0000 (Coordinated Universal Time),Mon Nov 10 2025 10:46:01 GMT+0000 (Coordinated Universal Time),,,,200,140,,twists,d99a3dc9-1752-4ba9-aca6-b2f007778c7c,,,Shampoing démêlant (+20€),false
Invisible locs H + Shampoing et soin,invisible-locs---shampoing-et-soin-d1376,68d69e61d9a881968fc7789b,6892189f750bf17c33b82716,690a322a9206faafc85e49dc,false,false,Tue Nov 04 2025 17:04:42 GMT+0000 (Coordinated Universal Time),Mon Nov 10 2025 10:45:58 GMT+0000 (Coordinated Universal Time),Mon Nov 10 2025 10:45:58 GMT+0000 (Coordinated Universal Time),,,,220,155,,twists,569247fc-6d5b-4e83-b8d0-91e99bb7be84,,,Shampoing et soin (+35€),false
Jumbo vanilles,jumbo-vanilles,68d69e61d9a881968fc7789b,6892189f750bf17c33b82716,690a322652e2dd7263765a56,false,false,Tue Nov 04 2025 17:04:38 GMT+0000 (Coordinated Universal Time),Mon Nov 24 2025 11:29:12 GMT+0000 (Coordinated Universal Time),Mon Nov 24 2025 11:29:12 GMT+0000 (Coordinated Universal Time),,,,180,130,,vanilles,00ccf09a-3075-4513-880b-90cd410d2b40,,blond-cendre; blond,,true
Jumbo vanilles + Coupe des pointes,jumbo-vanilles---coupe-des-pointes,68d69e61d9a881968fc7789b,6892189f750bf17c33b82716,690a32269dbca691b75b8c78,false,false,Tue Nov 04 2025 17:04:38 GMT+0000 (Coordinated Universal Time),Mon Nov 10 2025 10:45:59 GMT+0000 (Coordinated Universal Time),Mon Nov 10 2025 10:45:59 GMT+0000 (Coordinated Universal Time),,,,200,140,,vanilles,10c59588-71ce-400c-89fd-b2e5d648f90e,jumbo-vanilles,blond-cendre; blond,Coupe des pointes (+10€),false
Jumbo vanilles + Shampoing démêlant,jumbo-vanilles---shampoing-demelant,68d69e61d9a881968fc7789b,6892189f750bf17c33b82716,690a3226204dc907da46a4d8,false,false,Tue Nov 04 2025 17:04:38 GMT+0000 (Coordinated Universal Time),Mon Nov 10 2025 10:46:00 GMT+0000 (Coordinated Universal Time),Mon Nov 10 2025 10:46:00 GMT+0000 (Coordinated Universal Time),,,,200,150,,vanilles,4d84f07c-2280-4081-b2f7-21204ef8edaf,jumbo-vanilles,blond-cendre; blond,Shampoing démêlant (+20€),false
Jumbo vanilles + Shampoing et soin,jumbo-vanilles---shampoing-et-soin,68d69e61d9a881968fc7789b,6892189f750bf17c33b82716,690a32272c0c39d81d7e4bda,false,false,Tue Nov 04 2025 17:04:39 GMT+0000 (Coordinated Universal Time),Mon Nov 10 2025 10:46:00 GMT+0000 (Coordinated Universal Time),Mon Nov 10 2025 10:46:00 GMT+0000 (Coordinated Universal Time),,,,220,165,,vanilles,5629b512-2684-43ed-b8d1-d0c78a05c8c8,jumbo-vanilles,blond-cendre; blond,Shampoing et soin (+35€),false
Knotless Jumbo,knotless-jumbo,68d69e61d9a881968fc7789b,6892189f750bf17c33b82716,690a322544845d090c3df829,false,false,Tue Nov 04 2025 17:04:37 GMT+0000 (Coordinated Universal Time),Mon Nov 10 2025 10:45:59 GMT+0000 (Coordinated Universal Time),Mon Nov 10 2025 10:46:15 GMT+0000 (Coordinated Universal Time),,,https://cdn.prod.website-files.com/6892189f750bf17c33b8274f/6911bd16cda7dd6abc501ac0_knotless-jumbo.webp,150,110,,,35e91870-03a4-4115-8a0d-eb4ccd0ebd85,,blond-cendre; blond,,true
Knotless Jumbo + Coupe des pointes,knotless-jumbo---coupe-des-pointes,68d69e61d9a881968fc7789b,6892189f750bf17c33b82716,690a3225ce8e96df7e185e83,false,false,Tue Nov 04 2025 17:04:37 GMT+0000 (Coordinated Universal Time),Mon Nov 10 2025 10:45:58 GMT+0000 (Coordinated Universal Time),Mon Nov 10 2025 10:45:58 GMT+0000 (Coordinated Universal Time),,,,170,120,,,660402f7-8e72-42b9-bfff-817f47e91619,knotless-jumbo,blond-cendre; blond,Coupe des pointes (+10€),false
Knotless Jumbo + Shampoing démêlant,knotless-jumbo---shampoing-demelant,68d69e61d9a881968fc7789b,6892189f750bf17c33b82716,690a3225ce8e96df7e185e93,false,false,Tue Nov 04 2025 17:04:37 GMT+0000 (Coordinated Universal Time),Mon Nov 10 2025 10:46:00 GMT+0000 (Coordinated Universal Time),Mon Nov 10 2025 10:46:00 GMT+0000 (Coordinated Universal Time),,,,170,130,,,9df0cdc8-e22b-48a4-aeb3-51c0c942abbc,knotless-jumbo,blond-cendre; blond,Shampoing démêlant (+20€),false
Knotless Jumbo + Shampoing et soin,knotless-jumbo---shampoing-et-soin,68d69e61d9a881968fc7789b,6892189f750bf17c33b82716,690a3225dca41a91b22e7873,false,false,Tue Nov 04 2025 17:04:37 GMT+0000 (Coordinated Universal Time),Mon Nov 10 2025 10:46:00 GMT+0000 (Coordinated Universal Time),Mon Nov 10 2025 10:46:00 GMT+0000 (Coordinated Universal Time),,,,190,145,,,703ad1ec-e5c4-44e0-9275-c524c11f564e,knotless-jumbo,blond-cendre; blond,Shampoing et soin (+35€),false
Knotless Medium Small,knotless-medium-small,68d69e61d9a881968fc7789b,6892189f750bf17c33b82716,690a32253d46917ae0ac0ecd,false,false,Tue Nov 04 2025 17:04:37 GMT+0000 (Coordinated Universal Time),Mon Nov 10 2025 10:45:58 GMT+0000 (Coordinated Universal Time),Mon Nov 10 2025 10:46:15 GMT+0000 (Coordinated Universal Time),,,https://cdn.prod.website-files.com/6892189f750bf17c33b8274f/6911bd0c596e014b61055e92_knontless-medium-small.webp,300,150,,,a93f3abd-b247-4a02-811d-9ebfd853f12f,,blond-cendre; blond,,true
Knotless Medium Small + Coupe des pointes,knotless-medium-small---coupe-des-pointes,68d69e61d9a881968fc7789b,6892189f750bf17c33b82716,690a3225f85fabf95b516110,false,false,Tue Nov 04 2025 17:04:37 GMT+0000 (Coordinated Universal Time),Mon Nov 10 2025 10:45:59 GMT+0000 (Coordinated Universal Time),Mon Nov 10 2025 10:45:59 GMT+0000 (Coordinated Universal Time),,,,320,160,,,c8926bbb-8ab4-4293-ba1e-78ecbe9a4a06,knotless-medium-small,blond-cendre; blond,Coupe des pointes (+10€),false
Knotless Medium Small + Shampoing démêlant,knotless-medium-small---shampoing-demelant,68d69e61d9a881968fc7789b,6892189f750bf17c33b82716,690a32252db63b9ca115a22b,false,false,Tue Nov 04 2025 17:04:37 GMT+0000 (Coordinated Universal Time),Mon Nov 10 2025 10:46:00 GMT+0000 (Coordinated Universal Time),Mon Nov 10 2025 10:46:00 GMT+0000 (Coordinated Universal Time),,,,320,170,,,f666608f-ea1f-4b1b-9481-d17824ef6cc7,knotless-medium-small,blond-cendre; blond,Shampoing démêlant (+20€),false
Knotless Medium Small + Shampoing et soin,knotless-medium-small---shampoing-et-soin,68d69e61d9a881968fc7789b,6892189f750bf17c33b82716,690a32252b1127bf096acc8a,false,false,Tue Nov 04 2025 17:04:37 GMT+0000 (Coordinated Universal Time),Mon Nov 10 2025 10:46:01 GMT+0000 (Coordinated Universal Time),Mon Nov 10 2025 10:46:01 GMT+0000 (Coordinated Universal Time),,,,340,185,,,b845f0df-3bfb-472e-9485-e75f490b3129,knotless-medium-small,blond-cendre; blond,Shampoing et soin (+35€),false
Pop smoke,pop-smoke,68d69e61d9a881968fc7789b,6892189f750bf17c33b82716,690a4360653f9fa06ace3125,false,false,Tue Nov 04 2025 18:18:08 GMT+0000 (Coordinated Universal Time),Mon Nov 10 2025 10:46:00 GMT+0000 (Coordinated Universal Time),Mon Nov 10 2025 10:46:15 GMT+0000 (Coordinated Universal Time),,,https://cdn.prod.website-files.com/6892189f750bf17c33b8274f/6911bc1640a6e0927c81e190_pop-smoke.webp,90,70,,cornrows-h,ceb6a21d-284e-44c9-815f-b727eb977278,,,,true
Pop smoke + Shampoing démêlant,pop-smoke-shampoing-demelant,68d69e61d9a881968fc7789b,6892189f750bf17c33b82716,690a43b13bff00ba13ea1c70,false,false,Tue Nov 04 2025 18:19:29 GMT+0000 (Coordinated Universal Time),Mon Nov 10 2025 10:45:59 GMT+0000 (Coordinated Universal Time),Mon Nov 10 2025 10:45:59 GMT+0000 (Coordinated Universal Time),,,,110,90,,,f5492f9a-3f35-47c8-bb48-20bae823584f,pop-smoke,,Shampoing démêlant (+20€),false
Pop smoke + Shampoing et soin,pop-smoke-shampoing-et-soin,68d69e61d9a881968fc7789b,6892189f750bf17c33b82716,690a438c991eb9bd6a968548,false,false,Tue Nov 04 2025 18:18:52 GMT+0000 (Coordinated Universal Time),Mon Nov 10 2025 10:46:01 GMT+0000 (Coordinated Universal Time),Mon Nov 10 2025 10:46:01 GMT+0000 (Coordinated Universal Time),,,,130,105,,,bc24fb63-791b-4a7f-8c1b-37d2eb98a968,pop-smoke,,Shampoing et soin (+35€),false
Pop smoke + coupe des pointes,pop-smoke-coupe-des-pointes,68d69e61d9a881968fc7789b,6892189f750bf17c33b82716,690a43cae0c8c8f4f868446b,false,false,Tue Nov 04 2025 18:19:54 GMT+0000 (Coordinated Universal Time),Mon Nov 10 2025 10:46:00 GMT+0000 (Coordinated Universal Time),Mon Nov 10 2025 10:46:00 GMT+0000 (Coordinated Universal Time),,,,110,80,,,c19764bc-ba8d-47f8-afeb-39fbd0490025,pop-smoke,,Coupe des pointes (+10€),false
Ritual Washday,ritual-washday,68d69e61d9a881968fc7789b,6892189f750bf17c33b82716,69243b406df2b4b178b44abb,false,false,Mon Nov 24 2025 11:02:24 GMT+0000 (Coordinated Universal Time),Mon Nov 24 2025 11:02:28 GMT+0000 (Coordinated Universal Time),Mon Nov 24 2025 12:11:36 GMT+0000 (Coordinated Universal Time),,,https://cdn.prod.website-files.com/6892189f750bf17c33b8274f/6911bd33effc22c11a268ccb_fulani-mi-tete.webp,60,40,,washday,ef2ea1ab-63b1-472e-9eb5-97a3ba21f0d0,,,,true
Star braids,star-braids,68d69e61d9a881968fc7789b,6892189f750bf17c33b82716,690a32284c183b056c53eacd,false,false,Tue Nov 04 2025 17:04:40 GMT+0000 (Coordinated Universal Time),Mon Nov 10 2025 10:46:01 GMT+0000 (Coordinated Universal Time),Mon Nov 10 2025 10:46:15 GMT+0000 (Coordinated Universal Time),,,https://cdn.prod.website-files.com/6892189f750bf17c33b8274f/6911bc6d00d382fb0cd04f9a_star-braids.webp,120,70,,cornrows-h,c8bac882-9dd2-45f3-82cd-b10425171e87,,,,true
Star braids + Coupe des pointes,star-braids---coupe-des-pointes,68d69e61d9a881968fc7789b,6892189f750bf17c33b82716,690a322899beecd480dcb0a2,false,false,Tue Nov 04 2025 17:04:40 GMT+0000 (Coordinated Universal Time),Mon Nov 10 2025 10:46:00 GMT+0000 (Coordinated Universal Time),Mon Nov 10 2025 10:46:00 GMT+0000 (Coordinated Universal Time),,,,140,80,,cornrows-h,58204642-2c8b-411c-8927-b2d3a6100f4b,star-braids,,Coupe des pointes (+10€),false
Star braids + Shampoing démêlant,star-braids---shampoing-demelant,68d69e61d9a881968fc7789b,6892189f750bf17c33b82716,690a3228654e68e2efe847be,false,false,Tue Nov 04 2025 17:04:40 GMT+0000 (Coordinated Universal Time),Mon Nov 10 2025 10:46:00 GMT+0000 (Coordinated Universal Time),Mon Nov 10 2025 10:46:00 GMT+0000 (Coordinated Universal Time),,,,140,90,,cornrows-h,f46973cd-c015-4abc-895b-bef6a8f1db74,star-braids,,Shampoing démêlant (+20€),false
Star braids + Shampoing et soin,star-braids---shampoing-et-soin,68d69e61d9a881968fc7789b,6892189f750bf17c33b82716,690a3228a06ee4c05867a1b3,false,false,Tue Nov 04 2025 17:04:40 GMT+0000 (Coordinated Universal Time),Mon Nov 10 2025 10:45:59 GMT+0000 (Coordinated Universal Time),Mon Nov 10 2025 10:45:59 GMT+0000 (Coordinated Universal Time),,,,160,105,,cornrows-h,a248e34a-e97e-4f8b-8a5e-78a901624532,star-braids,,Shampoing et soin (+35€),false
Stitch braids (4 nattes),stitch-braids-4-nattes,68d69e61d9a881968fc7789b,6892189f750bf17c33b82716,690a3228c0f3243ffe0f7ff7,false,false,Tue Nov 04 2025 17:04:40 GMT+0000 (Coordinated Universal Time),Mon Nov 10 2025 10:45:59 GMT+0000 (Coordinated Universal Time),Mon Nov 10 2025 10:46:15 GMT+0000 (Coordinated Universal Time),,,https://cdn.prod.website-files.com/6892189f750bf17c33b8274f/6911bc646bf2eef1cefef893_stitch-braids-4.webp,45,40,,cornrows-h,859f67b7-cea6-4ca0-8e8a-069d7e1e1a9d,,,,true
Stitch braids (4 nattes) + Coupe des pointes,stitch-braids-4-nattes---coupe-des-pointes,68d69e61d9a881968fc7789b,6892189f750bf17c33b82716,690a3228a1a0b8e10973e688,false,false,Tue Nov 04 2025 17:04:40 GMT+0000 (Coordinated Universal Time),Mon Nov 10 2025 10:45:59 GMT+0000 (Coordinated Universal Time),Mon Nov 10 2025 10:45:59 GMT+0000 (Coordinated Universal Time),,,,65,50,,cornrows-h,14538f16-ac25-4951-afbb-dd2e57fb9286,stitch-braids-4-nattes,,Coupe des pointes (+10€),false
Stitch braids (4 nattes) + Shampoing démêlant,stitch-braids-4-nattes---shampoing-demelant,68d69e61d9a881968fc7789b,6892189f750bf17c33b82716,690a32289dbca691b75b8d0b,false,false,Tue Nov 04 2025 17:04:40 GMT+0000 (Coordinated Universal Time),Mon Nov 10 2025 10:46:00 GMT+0000 (Coordinated Universal Time),Mon Nov 10 2025 10:46:00 GMT+0000 (Coordinated Universal Time),,,,65,60,,cornrows-h,53e26951-049d-4f4c-ab42-e43151dbcaa0,stitch-braids-4-nattes,,Shampoing démêlant (+20€),false
Stitch braids (4 nattes) + Shampoing et soin,stitch-braids-4-nattes---shampoing-et-soin,68d69e61d9a881968fc7789b,6892189f750bf17c33b82716,690a3229e860e49fd63ad173,false,false,Tue Nov 04 2025 17:04:41 GMT+0000 (Coordinated Universal Time),Mon Nov 10 2025 10:46:00 GMT+0000 (Coordinated Universal Time),Mon Nov 10 2025 10:46:00 GMT+0000 (Coordinated Universal Time),,,,85,75,,cornrows-h,1eadb026-8c4b-4cca-bdd3-26758b7a7373,stitch-braids-4-nattes,,Shampoing et soin (+35€),false
Stitch braids (6 nattes),stitch-braids-6-nattes,68d69e61d9a881968fc7789b,6892189f750bf17c33b82716,690a32299386e812c09f1c6c,false,false,Tue Nov 04 2025 17:04:41 GMT+0000 (Coordinated Universal Time),Mon Nov 10 2025 10:46:00 GMT+0000 (Coordinated Universal Time),Mon Nov 10 2025 10:46:15 GMT+0000 (Coordinated Universal Time),,,https://cdn.prod.website-files.com/6892189f750bf17c33b8274f/6911bc5c286534bb92700533_stitch-braids-6-8.webp,60,50,,cornrows-h,5d54ae1a-5dc5-4e0a-b9c9-9cde9d3cf484,,,,true
Stitch braids (6 nattes) + Coupe des pointes,stitch-braids-6-nattes---coupe-des-pointes,68d69e61d9a881968fc7789b,6892189f750bf17c33b82716,690a3229c28f9e24a39eedb2,false,false,Tue Nov 04 2025 17:04:41 GMT+0000 (Coordinated Universal Time),Mon Nov 10 2025 10:45:59 GMT+0000 (Coordinated Universal Time),Mon Nov 10 2025 10:45:59 GMT+0000 (Coordinated Universal Time),,,,80,60,,cornrows-h,87dca246-2ace-40f7-a2f2-0c999096dcf5,stitch-braids-6-nattes,,Coupe des pointes (+10€),false
Stitch braids (6 nattes) + Shampoing démêlant,stitch-braids-6-nattes---shampoing-demelant,68d69e61d9a881968fc7789b,6892189f750bf17c33b82716,690a3229d1a5798cdfd21bb2,false,false,Tue Nov 04 2025 17:04:41 GMT+0000 (Coordinated Universal Time),Mon Nov 10 2025 10:46:00 GMT+0000 (Coordinated Universal Time),Mon Nov 10 2025 10:46:00 GMT+0000 (Coordinated Universal Time),,,,80,70,,cornrows-h,d8e02e2d-c7a1-41dd-9467-bcc6aa526c5f,stitch-braids-6-nattes,,Shampoing démêlant (+20€),false
Stitch braids (6 nattes) + Shampoing et soin,stitch-braids-6-nattes---shampoing-et-soin,68d69e61d9a881968fc7789b,6892189f750bf17c33b82716,690a3229b550394935b00bd5,false,false,Tue Nov 04 2025 17:04:41 GMT+0000 (Coordinated Universal Time),Mon Nov 10 2025 10:46:01 GMT+0000 (Coordinated Universal Time),Mon Nov 10 2025 10:46:01 GMT+0000 (Coordinated Universal Time),,,,100,85,,cornrows-h,c0d781cb-4647-4128-930e-93e3a5ec5c09,stitch-braids-6-nattes,,Shampoing et soin (+35€),false
Travis Scott,travis-scott,68d69e61d9a881968fc7789b,6892189f750bf17c33b82716,690a3229bdf5eb3a50eb8fd4,false,false,Tue Nov 04 2025 17:04:41 GMT+0000 (Coordinated Universal Time),Mon Nov 10 2025 10:45:58 GMT+0000 (Coordinated Universal Time),Mon Nov 10 2025 10:46:15 GMT+0000 (Coordinated Universal Time),,,https://cdn.prod.website-files.com/6892189f750bf17c33b8274f/6911bc5442e3f266ed2b0bff_travis-scott.webp,120,70,,tresses,ce645a73-f71b-409e-b653-58927c13c40e,,,,true
Travis Scott + Coupe des pointes,travis-scott---coupe-des-pointes,68d69e61d9a881968fc7789b,6892189f750bf17c33b82716,690a3229c0f3243ffe0f8046,false,false,Tue Nov 04 2025 17:04:41 GMT+0000 (Coordinated Universal Time),Mon Nov 10 2025 10:46:00 GMT+0000 (Coordinated Universal Time),Mon Nov 10 2025 10:46:00 GMT+0000 (Coordinated Universal Time),,,,140,80,,tresses,60017d90-988b-4752-aeeb-5ea8043b15a7,travis-scott,,Coupe des pointes (+10€),false
Travis Scott + Shampoing démêlant,travis-scott---shampoing-demelant,68d69e61d9a881968fc7789b,6892189f750bf17c33b82716,690a3229264aeed1e2e3f4c5,false,false,Tue Nov 04 2025 17:04:41 GMT+0000 (Coordinated Universal Time),Mon Nov 10 2025 10:46:00 GMT+0000 (Coordinated Universal Time),Mon Nov 10 2025 10:46:00 GMT+0000 (Coordinated Universal Time),,,,140,90,,tresses,27b4fb38-f7a8-4ad4-8b2c-67ec271910aa,travis-scott,,Shampoing démêlant (+20€),false
Travis Scott + Shampoing et soin,travis-scott---shampoing-et-soin,68d69e61d9a881968fc7789b,6892189f750bf17c33b82716,690a3229072e4901cf5f70c6,false,false,Tue Nov 04 2025 17:04:41 GMT+0000 (Coordinated Universal Time),Mon Nov 10 2025 10:46:01 GMT+0000 (Coordinated Universal Time),Mon Nov 10 2025 10:46:01 GMT+0000 (Coordinated Universal Time),,,,160,105,,tresses,52fa59f9-79a3-4dda-8f1a-29a45bd49280,travis-scott,,Shampoing et soin (+35€),false
Vanille cheveux naturels,vanille-cheveux-naturels,68d69e61d9a881968fc7789b,6892189f750bf17c33b82716,690a322765cfdc34de2d0776,false,false,Tue Nov 04 2025 17:04:39 GMT+0000 (Coordinated Universal Time),Mon Nov 10 2025 10:45:59 GMT+0000 (Coordinated Universal Time),Mon Nov 10 2025 10:46:15 GMT+0000 (Coordinated Universal Time),,,https://cdn.prod.website-files.com/6892189f750bf17c33b8274f/6911bcb46bf2eef1ceff0f20_vanille-cheveux-naturels.webp,150,100,,vanilles,73e7755d-0542-4a10-ac9b-41ef0afd4866,,blond-cendre; blond,,true
Vanille cheveux naturels + Coupe des pointes,vanille-cheveux-naturels---coupe-des-pointes,68d69e61d9a881968fc7789b,6892189f750bf17c33b82716,690a322711567ed8e04da0e6,false,false,Tue Nov 04 2025 17:04:39 GMT+0000 (Coordinated Universal Time),Mon Nov 10 2025 10:46:00 GMT+0000 (Coordinated Universal Time),Mon Nov 10 2025 10:46:00 GMT+0000 (Coordinated Universal Time),,,,170,110,,vanilles,314e6650-5d2b-4a2f-bd85-71ac116aa219,vanille-cheveux-naturels,blond-cendre; blond,Coupe des pointes (+10€),false
Vanille cheveux naturels + Shampoing démêlant,vanille-cheveux-naturels---shampoing-demelant,68d69e61d9a881968fc7789b,6892189f750bf17c33b82716,690a3227fc9ab5a56926d40a,false,false,Tue Nov 04 2025 17:04:39 GMT+0000 (Coordinated Universal Time),Mon Nov 10 2025 10:45:59 GMT+0000 (Coordinated Universal Time),Mon Nov 10 2025 10:45:59 GMT+0000 (Coordinated Universal Time),,,,170,120,,vanilles,45d71d5a-115c-44eb-9fe9-79f67f12e459,vanille-cheveux-naturels,blond-cendre; blond,Shampoing démêlant (+20€),false
Vanille cheveux naturels + Shampoing et soin,vanille-cheveux-naturels---shampoing-et-soin,68d69e61d9a881968fc7789b,6892189f750bf17c33b82716,690a3227ea6ad0beaa1a883a,false,false,Tue Nov 04 2025 17:04:39 GMT+0000 (Coordinated Universal Time),Mon Nov 10 2025 10:46:00 GMT+0000 (Coordinated Universal Time),Mon Nov 10 2025 10:46:00 GMT+0000 (Coordinated Universal Time),,,,190,135,,vanilles,8892ac63-1e0b-4be5-a362-8953f98e8c52,vanille-cheveux-naturels,blond-cendre; blond,Shampoing et soin (+35€),false
Vanilles,vanilles,68d69e61d9a881968fc7789b,6892189f750bf17c33b82716,690a322aa46ad93693f9dc23,false,false,Tue Nov 04 2025 17:04:42 GMT+0000 (Coordinated Universal Time),Mon Nov 10 2025 10:46:00 GMT+0000 (Coordinated Universal Time),Mon Nov 10 2025 10:46:15 GMT+0000 (Coordinated Universal Time),,,https://cdn.prod.website-files.com/6892189f750bf17c33b8274f/6911bc248e6c38cefea909e7_vanilles.webp,120,80,,twists,a3b41a00-a28e-4307-b552-efb29e9dffc9,,,,true
Vanilles + Coupe des pointes,vanilles---coupe-des-pointes,68d69e61d9a881968fc7789b,6892189f750bf17c33b82716,690a322a000a9a4579bc8a75,false,false,Tue Nov 04 2025 17:04:42 GMT+0000 (Coordinated Universal Time),Mon Nov 10 2025 10:46:00 GMT+0000 (Coordinated Universal Time),Mon Nov 10 2025 10:46:00 GMT+0000 (Coordinated Universal Time),,,,140,90,hommes,twists,a66b8484-db4a-473b-8bae-6eaca1ccbda0,vanilles,,Coupe des pointes (+10€),false
Vanilles + Shampoing démêlant,vanilles---shampoing-demelant,68d69e61d9a881968fc7789b,6892189f750bf17c33b82716,690a322a93dbdb7141308710,false,false,Tue Nov 04 2025 17:04:42 GMT+0000 (Coordinated Universal Time),Mon Nov 10 2025 10:45:59 GMT+0000 (Coordinated Universal Time),Mon Nov 10 2025 10:45:59 GMT+0000 (Coordinated Universal Time),,,,140,100,hommes,twists,c851293f-13d5-49c1-888c-60fad923fe1f,vanilles,,Shampoing démêlant (+20€),false
Vanilles + Shampoing et soin,vanilles---shampoing-et-soin,68d69e61d9a881968fc7789b,6892189f750bf17c33b82716,690a322ac035a1d5a8346144,false,false,Tue Nov 04 2025 17:04:42 GMT+0000 (Coordinated Universal Time),Mon Nov 10 2025 10:46:00 GMT+0000 (Coordinated Universal Time),Mon Nov 10 2025 10:46:00 GMT+0000 (Coordinated Universal Time),,,,160,115,hommes,twists,8db370ba-77e7-4716-87d3-537c86088c5e,vanilles,,Shampoing et soin (+35€),false
